,Address_city,Transport_airplane
0,Zion,Diamond DA62
1,Waco,Piaggio P.180 Avanti
2,Las Vegas,Hawker Siddeley HS 748
3,Mequon,British Aerospace Jetstream 41
4,Inglewood,De Havilland Canada DHC-3 Otter
5,Altus,Gulfstream V
6,Mamaroneck,Boeing 787-8
7,Kinston,Cessna Citation Mustang
8,Durant,Antonov An-158
9,Cuyahoga Falls,Lockheed L-1011 Tristar
10,Fort Myers,LET 410
11,Overland Park,Embraer Lineage 1000
12,El Monte,Douglas DC-6
13,Cape Coral,Embraer Phenom 100
14,Ballwin,De Havilland Canada DHC-8-200 Dash 8
15,Westfield,Yakovlev Yak-42
16,Monroe,Piper PA-46
17,Elizabeth,De Havilland DH.104 Dove
18,Linden,Boeing 777-200
19,Caldwell,Lockheed L-1011 Tristar
20,St. Louis,McDonnell Douglas MD-82
21,New Port Richey,Boeing 747SR
22,Somerville,McDonnell Douglas MD-90
23,Holladay,Douglas DC-9-20
24,Sugar Hill,Boeing 737 MAX 8
25,Dublin,Bombardier BD-100 Challenger 300
26,Shoreline,Airbus A340-600
27,Tualatin,Convair CV-240
28,Beckley,Convair Convair CV-640
29,Alexandria,Beechcraft 1900
30,Newnan,Airbus A320neo
31,Escondido,Tupolev Tu-154
32,Bedford,Boeing 747-400
33,Bonita Springs,Airbus A310-300
34,Troy,De Havilland DH.114 Heron
35,Walker,Boeing 767-300
36,Hazleton,Learjet 36
37,Nicholasville,Gulfstream V
38,Jupiter,McDonnell Douglas MD-11
39,Georgetown,Antonov AN-32
40,Gainesville,Douglas DC-8-62
41,Beaumont,Antonov AN-140
42,Commerce City,Avro RJ85
43,Ardmore,Cessna Citation V
44,Terrell,British Aerospace Jetstream 41
45,Buffalo Grove,De Havilland Canada DHC-7 Dash 7
46,Batavia,Embraer 190
47,Pleasant Hill,Fokker F28 Fellowship
48,Sioux City,Boeing 737-200
49,Grayslake,Boeing 717
50,Cedar Rapids,Boeing 727-100
51,Rialto,Boeing 737-300
52,St. Clair Shores,Ilyushin IL114
53,Homewood,Lockheed L-182
54,American Fork,Learjet 36
55,Carol Stream,Douglas DC-9-20
56,Daly City,Piper PA-46
57,Provo,LET 410
58,Yuma,Canadair Challenger
59,Ramsey,Fairchild Dornier Do.228
60,Gaithersburg,Shorts SC-7 Skyvan
61,Lufkin,Antonov An-148
62,Fort Collins,Ilyushin IL96
63,Xenia,Lockheed L-182
64,Columbus,Sukhoi Superjet 100-95
65,St. George,Cessna Citation CJ3
66,Arvada,De Havilland Canada DHC-5 Buffalo
67,Waukesha,Yakovlev Yak-42
68,Rutland,Cessna CitationJet
69,Fairbanks,Airbus A300B4
70,Moorpark,Airbus A321neo
71,Scarsdale,Cessna Citation III
72,Albuquerque,Boeing 737 MAX 9
73,Pottstown,Convair CV-240
74,Ridgewood,Ilyushin IL62
75,Massillon,Embraer 175
76,Torrance,COMAC C919
77,Hobart,Saab SF340A/B
78,Carlisle,McDonnell Douglas MD-82
79,Forest Park,De Havilland Canada DHC-3 Otter
80,Frisco,Cessna Citation VI
81,Claremore,Tecnam P2010
82,Yucaipa,De Havilland Canada DHC-2 Beaver
83,Provo,Pipistrel Virus
84,Duluth,Antonov AN-140
85,Green,Boeing 747-200
86,Niagara Falls,Pipistrel Sinus
87,Concord,Pipistrel Virus
88,Dinuba,De Havilland Canada DHC-8-300 Dash 8
89,Plainview,Boeing 747-300M
90,Chelsea,Shorts SC-5 Belfast
91,Country Club Hills,Pilatus PC-12
92,Crestview,Airbus A319
93,Yuba City,Douglas DC-10-30
94,North Plainfield,Canadair Regional Jet 550
95,Balch Springs,Ilyushin IL86
96,Forest Grove,Airbus A310-300
97,Fort Myers,Tecnam P2008
98,Corinth,TL Ultralight TL-96 Star
99,Kettering,Lockheed L-1011 Tristar
100,Hollister,Boeing 747-200M
101,Bellflower,Airbus A300B2
102,Seymour,Tecnam P92 SeaSky
103,Minnetonka,British Aerospace Jetstream 32
104,Searcy,Embraer 170
105,Greenville,COMAC C919
106,LaGrange,Boeing 737-200
107,Long Branch,Sukhoi Superjet 100-95
108,Pullman,Tecnam P92 Echo
109,Rancho Cucamonga,Douglas DC-6
110,Monterey,Honda HA-420
111,Fremont,"Airbus A300-600ST ""Beluga"""
112,Bryan,De Havilland Canada DHC-5 Buffalo
113,Charleston,Shorts SC-7 Skyvan
114,Lebanon,Fokker 70
115,Raymore,Cessna Citation X
116,Ozark,Embraer 190
117,Salina,Fokker F27 Friendship
118,Ferndale,Embraer Praetor 650
119,Indio,Harbin Yunshuji Y12
120,Radcliff,McDonnell Douglas MD-87
121,Daphne,De Havilland Canada DHC-4 Caribou
122,Racine,Shorts SC-7 Skyvan
123,Harrisburg,BAe 146-100
124,Midland,Tecnam P92 Echo
125,Bartlett,De Havilland DH.104 Dove
126,El Mirage,Shorts SC-5 Belfast
127,Superior,BAe 146-300
128,Pocatello,Beechcraft Baron
129,Avenal,Cessna 152
130,Roswell,Cessna Citation CJ4
131,Palm Beach Gardens,Embraer EMB 120 Brasilia
132,Wilson,Fairchild Dornier Do.228
133,Richardson,Shorts SC-5 Belfast
134,Paramount,Boeing 747-400
135,Garfield Heights,British Aerospace Jetstream 32
136,Lindenhurst,Boeing 747-100
137,Thomasville,Airbus A340-500
138,Deer Park,Diamond DA42
139,Eureka,Canadair Regional Jet 700
140,Frankfort,ICON A5
141,Newnan,Learjet C-21A
142,Montgomery,Boeing 737 MAX 9
143,North Tonawanda,Antonov AN-26
144,Hoover,Boeing 737 MAX 7
145,Frankfort,Team Rocket F1
146,Temple Terrace,Gulfstream/Rockwell (Aero) Turbo Commander
147,Mattoon,Airbus A320
148,Fayetteville,Embraer Legacy 600
149,Lafayette,Dassault Falcon 2000
150,Hudson,Boeing 777-200LR
151,Farragut,Airbus A310-300
152,Westerville,Boeing 747SR Freighter
153,Albany,Antonov AN-74
154,East St. Louis,Canadair Challenger
155,Visalia,Tupolev Tu-154
156,Texas City,Tecnam P92 SeaSky
157,Rohnert Park,British Aerospace Jetstream 31
158,Sycamore,Airbus A320
159,Boulder,Gulfstream G650
160,North Miami,Tupolev Tu-204
161,Wildwood,Concorde
162,Avon,ICON A5
163,Cookeville,Tecnam P2006T
164,Prattville,Boeing 747-300M
165,Leander,ICON A5
166,Palo Alto,Cessna Citation II
167,Oro Valley,De Havilland Canada DHC-2 Beaver
168,Elk River,Boeing 747SR Freighter
169,West Hollywood,Gulfstream G280
170,Palm Beach Gardens,Boeing 737 MAX 8
171,Cicero,Antonov An-225 Mriya
172,Moline,Canadair Regional Jet 550
173,Novato,Boeing 747-100
174,Howard,"Airbus A300-600ST ""Beluga"""
175,Pinellas Park,Gulfstream V
176,Biloxi,Douglas DC-8-50
177,Schaumburg,Boeing 747-200M
178,Brea,Cessna Citation III
179,Hermosa Beach,British Aerospace Jetstream 41
180,Pasco,Grumman G-21 Goose
181,Bullhead City,Airbus A380-800
182,Tahlequah,Airbus A319neo
183,Rocky River,Boeing 757-200
184,Ellensburg,De Havilland Canada DHC-5 Buffalo
185,Camarillo,Airbus A321neo
186,Gloucester,Gulfstream V
187,Vacaville,McDonnell Douglas MD-90
188,York,Airbus A310-200
189,Elgin,Boeing 777-8
190,Costa Mesa,Airbus A220-300
191,Santee,Ilyushin IL86
192,Beverly Hills,Boeing 747-200F
193,Spring Hill,Robin ATL
194,Agawam,BAe 146-300
195,Tualatin,McDonnell Douglas MD-11F
196,Munster,Tecnam P2002 Sierra
197,Richfield,Bombardier BD-700 Global 5000
198,Hillsboro,Douglas DC-8-62
199,Grapevine,Sukhoi Superjet 100-95
200,Orem,Boeing 747-300
201,Manchester,Convair Convair CV-640
202,Ashtabula,Cessna Citation I
203,North Tonawanda,Boeing 787-9
204,Homestead,Boeing 717
205,Poughkeepsie,Boeing 747SP
206,Birmingham,Boeing 747-200M
207,Thornton,Pipistrel Taurus
208,Haltom City,Boeing 747-300
209,Goose Creek,Fokker 100
210,Issaquah,Antonov AN-140
211,Citrus Heights,Tecnam P2010
212,San Rafael,McDonnell Douglas MD-90
213,LaGrange,De Havilland Canada DHC-7 Dash 7
214,Sevierville,Boeing 747-200
215,Yonkers,Boeing 777-200 Freighter
216,Wyandotte,Airbus A320neo
217,Twin Falls,Ilyushin IL96
218,Reedley,BAe 146-200
219,New Lenox,Boeing 747-200M
220,Northbrook,De Havilland Canada DHC-2 Beaver
221,Sahuarita,De Havilland Canada DHC-8-400 Dash 8Q
222,Menomonee Falls,Embraer RJ145
223,Rochester,Cessna Citation II
224,Hercules,Douglas DC-8-50
225,San Bernardino,Embraer 195
226,Kerrville,Embraer Legacy 500
227,Winter Haven,Cessna Citation I
228,Parkland,Reims-Cessna F406 Caravan II
229,Deer Park,Douglas DC-8-50
230,Escondido,Aquila A 210
231,Milford,Airbus A340-600
232,La Vista,Boeing 737-600
233,Zion,Convair Convair CV-600
234,Delaware,Douglas DC-9-30
235,Suffolk,Cessna Citation I
236,Hermosa Beach,Concorde
237,Anoka,BAe 146-300
238,Evanston,Reims-Cessna F406 Caravan II
239,Covington,Airbus A321neo
240,Radcliff,Yakovlev Yak-40
241,Ormond Beach,Cessna Citation CJ4
242,Daphne,Beriev Be-200 Altair
243,South San Francisco,Cessna Citation CJ2
244,Bellwood,Airbus A350-1000
245,Maricopa,Boeing 737-200
246,Scranton,Airbus A300C4
247,Ansonia,Dassault Falcon 50
248,Millville,Lockheed L-188 Electra
249,Puyallup,Douglas DC-8-72
250,Crystal,Tupolev Tu-144
251,La Vergne,Boeing 747-300
252,St. Cloud,Convair Convair CV-640
253,Greeley,Embraer E195-E2
254,Kearny,Convair Convair CV-640
255,Pocatello,Cessna Citation CJ3
256,Cheyenne,Gulfstream G650
257,Fayetteville,De Havilland Canada DHC-8-100 Dash 8
258,Kearney,Boeing 737 MAX 10
259,Rockwall,Canadair Challenger
260,Holyoke,CASA/IPTN CN-235
261,Staunton,Boeing 747-100
262,Tifton,Tupolev Tu-204
263,North Port,Antonov AN-74
264,Lawrence,Hawker Siddeley HS 748
265,Selma,Douglas DC-10-10
266,Weirton,Fokker 70
267,Port Angeles,Airbus A321neo
268,St. Charles,Learjet 60
269,Pharr,Airbus A321
270,Lemoore,BAe 146-100
271,Sunrise,"Airbus A300-600ST ""Super Transporter"""
272,Cutler Bay,Airbus A300C4
273,Chester,Ilyushin IL76
274,Collinsville,Boeing 737-200
275,Upper Arlington,Team Rocket F1
276,Huntington,Boeing 787-9
277,North Ogden,Douglas DC-10-30
278,Coconut Creek,Convair CV-240
279,San Juan Capistrano,Antonov AN-28
280,La Crosse,Saab 2000
281,Highland Village,Boeing 747SR
282,Tulare,Boeing 747-8F
283,North Lauderdale,Gulfstream Aerospace G-159 Gulfstream I
284,McAllen,Convair CV-580
285,Carson,Canadair Regional Jet 200
286,Oak Creek,Boeing 757-200
287,Mattoon,Embraer Praetor 600
288,Mason City,"Airbus A300-600ST ""Super Transporter"""
289,Big Spring,CASA/IPTN CN-235
290,Morristown,Aquila A 210
291,Oviedo,Learjet 60
292,Gresham,Honda HA-420
293,Opelika,Dassault Falcon 900
294,Easley,Piper PA-31 Navajo
295,Brownsburg,Douglas DC-8-50
296,Shelbyville,McDonnell Douglas MD-11F
297,Mountlake Terrace,Aerospatiale SN.601 Corvette
298,Queen Creek,ICON A5
299,Oro Valley,Antonov An-148
300,Ypsilanti,Tupolev Tu-154
301,Tempe,Boeing 737-400
302,Rahway,Dassault Falcon 900
303,Middletown,Cessna Citation CJ2
304,Taylor,Pipistrel Taurus
305,Gaithersburg,Boeing 727-100
306,Horn Lake,Airbus A319
307,Temple Terrace,Tecnam P2002 Sierra
308,Laconia,Tecnam P96
309,Glendale,Dassault Falcon 50
310,Edinburg,Tupolev Tu-144
311,Goose Creek,Shorts SD.330
312,Cuyahoga Falls,Grumman G-21 Goose
313,Bloomingdale,Airbus A340-200
314,Killeen,Airbus A300B2
315,Urbana,Cessna Citation II
316,Shelbyville,Embraer EMB 120 Brasilia
317,Taunton,Hawker Siddeley HS 748
318,Gary,Pipistrel Virus
319,Fountain Hills,Curtiss C-46 Commando
320,Alpharetta,Ilyushin IL86
321,West Valley City,Boeing 767-200
322,Orinda,Boeing 777-200
323,Garfield,Tecnam P2002 Sierra
324,Pottstown,Airbus A321
325,Simi Valley,Pilatus PC-6 Turbo Porter
326,West Des Moines,De Havilland Canada DHC-7 Dash 7
327,Glenview,Douglas DC-9-50
328,Iowa City,De Havilland Canada DHC-8-400 Dash 8Q
329,Eagan,Cessna Citation III
330,Susanville,De Havilland Canada DHC-3 Otter
331,Manhattan Beach,Learjet 36
332,Brownsville,Cessna Citation CJ2
333,Port Arthur,Cessna 152
334,Spokane,Tecnam P2008
335,Arvada,Douglas DC-9-30
336,Waxahachie,Embraer RJ135
337,Troy,Piaggio P.180 Avanti
338,Marina,Boeing 737-200
339,Greensboro,Boeing 757F
340,Saco,Shorts SC-7 Skyvan
341,Victorville,Partenavia P.68
342,Fond du Lac,Boeing 747-200F
343,Lawrence,Tecnam P92 SeaSky
344,Lake Forest,Airbus A350-900
345,Vestavia Hills,Boeing 737-300
346,Lake Havasu City,Canadair Regional Jet 900
347,Atascadero,Antonov AN-24
348,Rockford,Concorde
349,Ferndale,Canadair Regional Jet 200
350,Redding,Airbus A319
351,Twin Falls,Boeing 757-300
352,St. Matthews,Avro RJ70
353,Ypsilanti,Douglas DC-6
354,Opelika,Boeing 727-100
355,Worcester,GippsAero GA8 Airvan
356,La Cañada Flintridge,Cessna Citation Excel
357,Biddeford,Embraer Legacy 500
358,Manitowoc,Douglas DC-9-10
359,Terre Haute,Douglas DC-9-50
360,Palm Beach Gardens,Douglas DC-8-72
361,Blue Springs,Cessna Citation Sovereign
362,Urbandale,Antonov An-158
363,Coppell,Harbin Yunshuji Y12
364,Ontario,Boeing 777-300
365,Holyoke,Embraer Legacy 450
366,Marquette,Cessna Citation II
367,Lebanon,Cessna Citation VI
368,San Bruno,Airbus A330-800neo
369,San Angelo,Grumman G-21 Goose
370,Beverly,Boeing 777-8
371,St. Charles,De Havilland Canada DHC-2 Beaver
372,Sugar Land,Gulfstream IV
373,Kerrville,"Airbus A300-600ST ""Super Transporter"""
374,Rockville Centre,Airbus A350-1000
375,Ames,Boeing 727-100
376,Granite City,Junkers Ju 52/3M
377,Chelsea,McDonnell Douglas MD-88
378,Council Bluffs,Cessna Citation V
379,Vestavia Hills,Beriev Be-200 Altair
380,Fountain Valley,Learjet 36
381,Vicksburg,Boeing 747-400F
382,Westmont,Boeing 707
383,Goose Creek,Cessna Citation Mustang
384,Lemon Grove,Boeing 737-300
385,Woodbury,Tecnam P2002 Sierra
386,Grapevine,Shorts SD.330
387,Post Falls,Airbus A310-300
388,Lake Havasu City,De Havilland DH.104 Dove
389,Albany,"Airbus A300-600ST ""Beluga"""
390,De Pere,Tupolev Tu-154
391,Hempstead,Airbus A300C4
392,Casper,Convair CV-240
393,Sheridan,British Aerospace Jetstream 41
394,Marietta,De Havilland Canada DHC-7 Dash 7
395,Oxnard,Partenavia P.68
396,Shelton,Honda HA-420
397,Rockford,Cirrus SF50 Vision Jet
398,Mattoon,Airbus A300B4
399,Laguna Hills,Embraer Legacy 450
400,Coralville,Boeing 737 MAX 9
401,Leawood,Cessna 172
402,Talladega,Cessna 172 Cutlass RG
403,Tarpon Springs,Cessna Citation CJ3
404,Homewood,Boeing 747-8F
405,Americus,Antonov AN-26
406,Puyallup,De Havilland DH.104 Dove
407,Corona,Douglas DC-8-50
408,Centennial,Cessna 172
409,Attleboro,Boeing 747-8F
410,North Ogden,Shorts SD.330
411,Longview,Pilatus PC-6 Turbo Porter
412,Hobbs,Cessna 172 Cutlass RG
413,New Britain,Cessna 172
414,Venice,Ilyushin IL62
415,Appleton,Bombardier Global Express
416,Eden Prairie,Tupolev Tu-204
417,Pocatello,BAe 146-300
418,San Clemente,Boeing 777-200ER
419,New Britain,Douglas DC-9-10
420,Findlay,Tecnam P2006T
421,Leawood,Fairchild Dornier Do.228
422,Watertown,Airbus A330-200
423,Lindenwold,Bombardier 415
424,Newburgh,COMAC C919
425,Niles,Boeing 777-200LR
426,Lake Zurich,McDonnell Douglas MD-81
427,Sherman,Antonov AN-124 Ruslan
428,Margate,Cessna 182 Skylane
429,Fort Myers,LET 410
430,Arcadia,Convair CV-580
431,Hinsdale,Fokker 100
432,Fairborn,Bombardier Global Express
433,New Lenox,Cessna 210 Centurion
434,Glassboro,Boeing 737-800
435,Oxnard,Tupolev Tu-134
436,Apple Valley,Boeing 787-10
437,Layton,Boeing 717
438,Rancho Cordova,Ilyushin IL62
439,Laconia,"Airbus A330-700 ""Beluga XL"""
440,Apopka,British Aerospace ATP
441,Ansonia,Boeing 777-200LR
442,Tallahassee,Pilatus Britten-Norman BN-2A Mk III Trislander
443,West Springfield,Avro RJ100
444,Springfield,Tecnam P2006T
445,Moreno Valley,Airbus A350-900
446,Tigard,Embraer Legacy 500
447,West Bend,Socata TB-20 Trinidad
448,Hamilton,Harbin Yunshuji Y12
449,College Station,Airbus A300C4
450,North Chicago,Boeing 737-200
451,Boulder,Antonov An-225 Mriya
452,Radcliff,"Airbus A330-700 ""Beluga XL"""
453,Fairfax,Embraer Praetor 650
454,Claremore,De Havilland DH.114 Heron
455,Cedar City,Fokker F27 Friendship
456,Grand Prairie,Boeing 727-100
457,Angleton,CASA/IPTN CN-235
458,Hialeah,Cessna Citation VII
459,Southaven,Sukhoi Superjet 100-95
460,Bentonville,Boeing 777-300
461,Edina,McDonnell Douglas MD-88
462,Ashtabula,Ilyushin IL76
463,Twentynine Palms,Airbus A350-1000
464,Dothan,Embraer Legacy 450
465,Cliffside Park,Airbus A350-1000
466,Winter Park,Convair CV-580
467,Citrus Heights,Tupolev Tu-134
468,Richmond,British Aerospace ATP
469,Hinesville,Antonov An-158
470,Rolling Meadows,De Havilland Canada DHC-6 Twin Otter
471,La Porte,De Havilland Canada DHC-8-400 Dash 8Q
472,Royal Oak,Boeing 737-300
473,Monterey,Fairchild Dornier Do.328
474,Gresham,Boeing 727-200
475,Selma,Dassault Falcon 7X
476,Camas,NAMC YS-11
477,South Portland,Airbus A380-800
478,Tarpon Springs,Antonov AN-26
479,Lemoore,Avro RJ100
480,Bessemer,Boeing 777-200 Freighter
481,Fitchburg,McDonnell Douglas MD-81
482,Redmond,Cessna 172 Cutlass RG
483,Pinellas Park,Tecnam P2010
484,Durant,Canadair Regional Jet 700
485,Livermore,"Airbus A300-600ST ""Super Transporter"""
486,Rockford,Junkers Ju 52/3M
487,New Orleans,McDonnell Douglas MD-11F
488,Minot,Airbus A310-300
489,Passaic,Fokker 70
490,Beverly Hills,De Havilland DH.104 Dove
491,Savannah,Canadair Regional Jet 1000
492,Grand Prairie,CASA/IPTN CN-235
493,Union City,Boeing 747-200F
494,Hudson,Douglas DC-9-50
495,Chula Vista,Boeing 777-200 Freighter
496,Lake Elsinore,Tecnam P96
497,Blacksburg,Convair Convair CV-640
498,Oakland Park,Boeing 737-500
499,Lake Worth,Boeing 737 MAX 9
500,Petersburg,Antonov AN-124 Ruslan
501,Eastlake,Boeing 757-200
502,Prescott,Boeing 737-800
503,Minneapolis,Shorts SD.330
504,Klamath Falls,Embraer Legacy 600
505,Kalispell,British Aerospace ATP
506,Xenia,British Aerospace Jetstream 31
507,North Little Rock,Gulfstream V
508,Passaic,Canadair Regional Jet 700
509,Kyle,Boeing 737 MAX 7
510,Meridian,Airbus A318
511,Brandon,Bombardier 415
512,Alamogordo,Antonov An-148
513,West Fargo,Boeing 777-200ER
514,Trotwood,Antonov AN-140
515,Sparks,Fokker 50
516,Hudson,Boeing 747SR Freighter
517,Lackawanna,Socata TB-20 Trinidad
518,Oshkosh,Canadair Challenger
519,Prairie Village,LET 410
520,Tifton,Boeing 747-300M
521,Fishers,Airbus A310-200
522,DeKalb,Dassault Falcon 50
523,Green Bay,McDonnell Douglas MD-88
524,Central Point,Antonov AN-74
525,Lauderdale Lakes,Airbus A320
526,Temple,Evektor SportStar
527,Riverton,Cessna Citation X
528,Kearny,Boeing 747SR
529,Cleveland,Avro RJ85
530,Ashtabula,Airbus A220-300
531,Hutchinson,Piper PA-28
532,Mountlake Terrace,McDonnell Douglas MD-87
533,Webster Groves,De Havilland Canada DHC-8-400 Dash 8Q
534,Beverly Hills,Piper PA-31 Navajo
535,Sebastian,NAMC YS-11
536,Palm Desert,Fokker 100
537,Rochester Hills,Embraer 195
538,Waxahachie,Robin ATL
539,Venice,Partenavia P.68
540,Hobbs,"Airbus A330-700 ""Beluga XL"""
541,Tampa,Cessna Citation V
542,League City,Embraer Legacy 450
543,Ogden,Antonov AN-26
544,Lakeville,Shorts SC-7 Skyvan
545,Blythe,Tecnam P92 SeaSky
546,Loma Linda,Curtiss C-46 Commando
547,Covina,Boeing 747-300
548,Grand Forks,Piper PA-31 Navajo
549,Reading,Antonov AN-32
550,Idaho Falls,Shorts SD.330
551,Owatonna,Embraer Legacy 450
552,Kissimmee,De Havilland Canada DHC-2 Beaver
553,Dubuque,Airbus A220-300
554,Leesburg,"Airbus A300-600ST ""Super Transporter"""
555,Kannapolis,Airbus A220-100
556,Shakopee,Bombardier Global Express
557,East Chicago,Lockheed L-1049 Super Constellation
558,Sayreville,Cessna Citation X
559,Grand Forks,Antonov An-158
560,Alpharetta,Honda HA-420
561,Sayreville,Embraer Lineage 1000
562,Painesville,Douglas DC-9-40
563,Donna,Embraer Lineage 1000
564,Maple Heights,Diamond DA42
565,San Mateo,Boeing 777-9
566,Owensboro,Boeing 737-800
567,Tyler,Tecnam P96
568,Mineral Wells,Fairchild Dornier 328JET
569,Banning,Embraer Legacy 450
570,Santa Fe Springs,Reims-Cessna F406 Caravan II
571,Burien,Airbus A330-200
572,Yuma,Aerospatiale SN.601 Corvette
573,Ventura,Fokker F27 Friendship
574,Lenoir,Pipistrel Taurus
575,Augusta,Embraer E195-E2
576,Lakeville,Douglas DC-9-50
577,Cleveland Heights,Ilyushin IL86
578,Eagle Pass,Boeing 737-900
579,Matteson,Boeing 747-400F
580,Palatine,Learjet 36
581,Idaho Falls,Boeing 767-400ER
582,La Cañada Flintridge,Airbus A330-300
583,Caldwell,Evektor SportStar
584,Brockton,Shorts SD.330
585,Plattsburgh,Boeing 720B
586,Mokena,Fokker 100
587,Greenville,McDonnell Douglas MD-88
588,Anderson,Antonov AN-32
589,Gastonia,Boeing 727-200
590,Bartow,Cessna Citation VII
591,Issaquah,Fairchild Dornier Do.228
592,Odessa,De Havilland Canada DHC-8-200 Dash 8
593,Mount Clemens,Partenavia P.68
594,Port Huron,BAe 146-100
595,Victorville,Boeing 737 MAX 10
596,Lima,Douglas DC-6
597,Garfield Heights,Airbus A380-800
598,Harvey,Boeing 757F
599,Susanville,Boeing 787-10
600,Grants Pass,Antonov AN-28
601,Johns Creek,Fairchild Dornier Do.228
602,Pharr,Shorts SC-7 Skyvan
603,Victoria,Douglas DC-9-20
604,Temple,Tecnam P2002 Sierra
605,Wasco,COMAC C919
606,Haverhill,British Aerospace ATP
607,Dania Beach,Bombardier BD-100 Challenger 300
608,Castle Rock,Tecnam P2002 Sierra
609,Trenton,Gulfstream V
610,Chico,Pipistrel Virus
611,Cartersville,Boeing 737 MAX 8
612,Petaluma,Boeing 737 MAX 9
613,Northport,Bombardier 415
614,Prairie Village,Cessna Citation II
615,Cambridge,Dassault Falcon 2000
616,Wheeling,Cessna CitationJet
617,Madison,Sukhoi Superjet 100-95
618,Saratoga,Convair Convair CV-600
619,Jacksonville,Airbus A320neo
620,Mattoon,Tecnam P96
621,Springville,Shorts SC-5 Belfast
622,Lawndale,Embraer Lineage 1000
623,Central Falls,Airbus A300-600
624,Ankeny,De Havilland Canada DHC-7 Dash 7
625,Mokena,Airbus A340-500
626,Cleveland,BAe 146-100
627,Douglasville,Shorts SD.360
628,Cary,British Aerospace Jetstream 41
629,Belvidere,Boeing 747-100 Freighter
630,Brunswick,Airbus A319
631,Anacortes,Boeing 747SR Freighter
632,Duncanville,Boeing 727-100
633,Tallahassee,Airbus A380-800
634,La Mesa,Antonov AN-26
635,Tualatin,Antonov AN-30
636,Loves Park,Fairchild Dornier Do.228
637,Olympia,Pipistrel Virus
638,Schenectady,Airbus A330-300
639,Pittsburgh,Cessna 310
640,Havelock,Boeing 737-200
641,Sanford,De Havilland Canada DHC-4 Caribou
642,Sugar Land,Tecnam P2006T
643,Mequon,Antonov AN-26
644,Lackawanna,Diamond DA42
645,Carol Stream,Tupolev Tu-144
646,Santa Maria,Partenavia P.68
647,Fond du Lac,British Aerospace Jetstream 32
648,Wasco,Douglas DC-9-50
649,Overland Park,Cessna 206 Stationair
650,Cambridge,Boeing 757F
651,San Ramon,Embraer RJ140
652,Concord,Boeing 737 MAX 7
653,Pompano Beach,Shorts SC-7 Skyvan
654,Bismarck,Boeing 727-100
655,Berea,Convair Convair CV-600
656,Glen Ellyn,Shorts SD.330
657,Winter Park,Douglas DC-9-10
658,San Antonio,British Aerospace ATP
659,Macomb,Pilatus PC-6 Turbo Porter
660,Rocky Mount,Dassault Falcon 7X
661,Rohnert Park,Antonov AN-72
662,Butte-Silver Bow,Lockheed L-182
663,Fredericksburg,Bombardier Global Express
664,Valley Stream,Piper PA-31 Navajo
665,Broomfield,McDonnell Douglas MD-83
666,Fontana,De Havilland Canada DHC-8-400 Dash 8Q
667,Wichita Falls,Canadair Regional Jet 700
668,Ypsilanti,GippsAero GA8 Airvan
669,Santa Maria,Cessna 182 Skylane
670,Hanover Park,Douglas DC-8-62
671,Huber Heights,Canadair Regional Jet 550
672,South Bend,Airbus A330-800neo
673,Medford,Grumman G-21 Goose
674,Tullahoma,Tecnam P2012 Traveller
675,Bixby,McDonnell Douglas MD-81
676,Maywood,De Havilland Canada DHC-8-100 Dash 8
677,Wheat Ridge,Boeing 747-200M
678,Midvale,Boeing 747-300M
679,Yuba City,Yakovlev Yak-40
680,Plainfield,Yakovlev Yak-40
681,Pico Rivera,British Aerospace ATP
682,Erlanger,Boeing 777-9
683,Victorville,Douglas DC-10-10
684,Berwyn,Embraer RJ140
685,Lynnwood,Piper PA-28
686,Troy,Beriev Be-200 Altair
687,Altus,Concorde
688,La Quinta,Cessna 177 Cardinal RG
689,Cupertino,Antonov AN-26
690,Lansing,Douglas DC-8-72
691,Santa Ana,Pilatus Britten-Norman BN-2A Mk III Trislander
692,Sand Springs,Lockheed L-1011 Tristar
693,Mentor,Sukhoi Superjet 100-95
694,Springboro,Gulfstream IV
695,Tooele,Fokker 50
696,Pinellas Park,Airbus A321
697,Honolulu,Airbus A350-1000
698,Norwood,Fokker F27 Friendship
699,Davie,Pilatus Britten-Norman BN-2A Mk III Trislander
700,Conway,Boeing 747-400F
701,Mokena,Tecnam P2012 Traveller
702,San Mateo,McDonnell Douglas MD-88
703,Winona,Fairchild Dornier Do.328
704,San Rafael,Antonov AN-24
705,Ozark,McDonnell Douglas MD-88
706,Kyle,Piper PA-44 Seminole
707,Hazelwood,Mitsubishi Mu-2
708,Warwick,Embraer E190-E2
709,Springboro,Boeing 747-100 Freighter
710,Winter Haven,Embraer Lineage 1000
711,Glendora,Douglas DC-3
712,Goleta,Boeing 717
713,La Vergne,Airbus A310-300
714,West Chicago,Airbus A319neo
715,Fairview Heights,Honda HA-420
716,La Quinta,Boeing 737-600
717,Oklahoma City,"Airbus A330-700 ""Beluga XL"""
718,Kingsport,LET 410
719,Butte-Silver Bow,Canadair Challenger
720,Owensboro,Boeing 747SP
721,Yucaipa,Antonov AN-24
722,Twentynine Palms,Douglas DC-9-10
723,Nicholasville,Boeing 747-400M
724,Beverly Hills,TL Ultralight TL-96 Star
725,Mason City,Airbus A321neo
726,Forest Lake,Boeing 737 MAX 10
727,Methuen,De Havilland DH.104 Dove
728,Ceres,Boeing 747-100
729,San Angelo,McDonnell Douglas MD-88
730,Wisconsin Rapids,Ilyushin IL18
731,North Chicago,De Havilland Canada DHC-2 Turbo-Beaver
732,Point Pleasant,Embraer 175
733,Romeoville,Boeing 737-900
734,North Little Rock,Airbus A318
735,Taunton,Cessna 172
736,Spokane,Airbus A330-800neo
737,Valley Stream,Airbus A380-800
738,Henderson,Shorts SD.330
739,Rosenberg,Boeing 747-200F
740,Temple Terrace,Embraer Phenom 300
741,Lackawanna,McDonnell Douglas MD-83
742,Fountain Valley,Diamond DA42
743,Racine,De Havilland Canada DHC-5 Buffalo
744,Newburgh,Dassault Falcon 2000
745,San Luis Obispo,Cessna CitationJet
746,Beaverton,Douglas DC-6
747,Crest Hill,Airbus A320
748,Tupelo,"Airbus A330-700 ""Beluga XL"""
749,Wenatchee,Boeing 727-100
750,Spring Valley,Antonov AN-32
751,Asheville,Boeing 717
752,Lakeland,Cessna Citation V
753,Anniston,Douglas DC-8-62
754,Chickasha,British Aerospace Jetstream 41
755,Methuen,Boeing 777-8
756,Florence,Avro RJ100
757,Morristown,Aerospatiale SN.601 Corvette
758,Layton,Cessna Citation VI
759,Santee,Curtiss C-46 Commando
760,Whittier,Embraer RJ140
761,Mission,Tupolev Tu-154
762,Casa Grande,Boeing 747-400M
763,University City,McDonnell Douglas MD-81
764,La Crosse,De Havilland Canada DHC-4 Caribou
765,Scarsdale,Tecnam P92 Echo
766,East Moline,McDonnell Douglas MD-11C
767,Belvidere,Embraer Lineage 1000
768,San Angelo,Boeing 747-400
769,Castle Rock,Airbus A320neo
770,Northfield,"Airbus A330-700 ""Beluga XL"""
771,Shelby,Cessna Citation I
772,Garfield Heights,Boeing 737-200
773,Oxnard,Antonov An-148
774,Madera,Cessna Citation X
775,Durham,Partenavia P.68
776,Boulder,TL Ultralight TL-96 Star
777,Minneapolis,Airbus A340-600
778,Clovis,Sukhoi Superjet 100-95
779,Lumberton,Cessna CitationJet
780,Natchez,Avro RJ100
781,Allen,Tupolev Tu-144
782,Buffalo,Fairchild Dornier 328JET
783,Caledonia,Boeing 767-400ER
784,Sand Springs,McDonnell Douglas MD-83
785,Kinston,Bombardier BD-700 Global 5000
786,Costa Mesa,Tecnam P2006T
787,Carson,Socata TB-20 Trinidad
788,Baldwin,Grumman G-73 Turbo Mallard
789,Alamo,Airbus A300B4
790,Riverbank,Cessna Citation Excel
791,Aventura,GippsAero GA8 Airvan
792,Waterloo,McDonnell Douglas MD-90
793,Benton,Embraer Praetor 600
794,Prior Lake,Grumman G-73 Turbo Mallard
795,Panama City,Robin ATL
796,Vernon Hills,De Havilland Canada DHC-3 Otter
797,Davis,Cessna 172
798,Danville,Airbus A319neo
799,Cooper City,Airbus A380-800
800,East Providence,De Havilland Canada DHC-4 Caribou
801,Roselle,Canadair Challenger
802,Wilson,Evektor SportStar
803,Yakima,Yakovlev Yak-42
804,Thornton,Tupolev Tu-214
805,Kaysville,Boeing 777-9
806,Cupertino,Fokker 50
807,Riverton,Tecnam P96
808,Duarte,Douglas DC-9-40
809,Newberg,De Havilland Canada DHC-2 Beaver
810,Hudson,McDonnell Douglas MD-11C
811,Dothan,De Havilland Canada DHC-4 Caribou
812,Elizabeth City,Douglas DC-9-30
813,Oviedo,Cessna Citation V
814,Loveland,Cessna 206 Stationair
815,Denver,Boeing 707
816,New Haven,Concorde
817,Findlay,McDonnell Douglas MD-81
818,Holland,Piper PA-28
819,Kerrville,De Havilland Canada DHC-8-400 Dash 8Q
820,South San Francisco,Yakovlev Yak-42
821,Paso Robles,Tecnam P92 Eaglet
822,Midwest City,Bombardier 415
823,Taylorsville,Boeing 747-100 Freighter
824,Oak Ridge,"Airbus A300-600ST ""Super Transporter"""
825,La Habra,Airbus A320neo
826,Costa Mesa,Douglas DC-8-50
827,Post Falls,Boeing 747SR Freighter
828,Colorado Springs,Airbus A330-900neo
829,Easton,Grumman G-73 Turbo Mallard
830,Warwick,Fokker 100
831,Porterville,Airbus A320neo
832,Oregon,Douglas DC-6
833,Ventura,Airbus A340-300
834,Morgantown,Tupolev Tu-204
835,Chickasha,Ilyushin IL18
836,Searcy,Embraer Praetor 500
837,St. Petersburg,Antonov AN-74
838,Yorkville,Bombardier BD-700 Global 5000
839,Milledgeville,Convair Convair CV-640
840,Bowling Green,Boeing 747-200F
841,West Palm Beach,Airbus A330-200
842,Sidney,Team Rocket F1
843,Camas,Embraer Praetor 500
844,Fort Myers,Boeing 747-300
845,Glen Ellyn,Embraer RJ140
846,Colorado Springs,Embraer Praetor 500
847,Natchitoches,Tecnam P2008
848,Clarksville,Fokker F27 Friendship
849,Simi Valley,NAMC YS-11
850,Federal Way,Airbus A320neo
851,Selma,Embraer E195-E2
852,Willmar,Canadair Challenger
853,Port Hueneme,Ilyushin IL96
854,Abilene,Pilatus PC-6 Turbo Porter
855,Lomita,Embraer Legacy 600
856,Brook Park,Piper PA-44 Seminole
857,Kerrville,Sukhoi Superjet 100-95
858,Chico,Canadair Regional Jet 100
859,Warren,Mitsubishi Mu-2
860,Gillette,Avro RJ100
861,Charlotte,Tecnam P2006T
862,Rolla,Embraer Legacy 450
863,Sikeston,Embraer EMB 110 Bandeirante
864,Joliet,McDonnell Douglas MD-87
865,Lompoc,Fokker 70
866,Duncanville,Convair Convair CV-600
867,New Brunswick,Boeing 737-400
868,Hayward,Boeing 737-800
869,Maple Grove,Shorts SD.360
870,Detroit,Antonov AN-140
871,Harrison,Airbus A340-200
872,Casa Grande,Antonov AN-140
873,New Brighton,De Havilland Canada DHC-8-100 Dash 8
874,Lorain,BAe 146-200
875,Warren,McDonnell Douglas MD-11C
876,Montclair,McDonnell Douglas MD-83
877,Eustis,McDonnell Douglas MD-11F
878,New Smyrna Beach,Boeing 757-300
879,Stevens Point,Shorts SD.330
880,Hazelwood,Embraer Praetor 600
881,Pleasant Prairie,Learjet 60
882,Lynwood,Canadair Regional Jet 900
883,Redondo Beach,Boeing 777-200
884,Great Falls,Embraer Legacy 500
885,Macomb,Airbus A340-500
886,Yuba City,Antonov An-225 Mriya
887,Hoffman Estates,Learjet 35
888,Marietta,Boeing 787-8
889,Mattoon,Pilatus Britten-Norman BN-2A Mk III Trislander
890,South St. Paul,Boeing 787-8
891,Marshall,Boeing 747SP
892,Mount Vernon,Airbus A300C4
893,Opelousas,Airbus A330-200
894,Meridian,McDonnell Douglas MD-11F
895,Brownsburg,Concorde
896,Buffalo Grove,Cessna 172
897,Hagerstown,Airbus A321neo
898,South Salt Lake,Tecnam P2012 Traveller
899,Phenix City,Bombardier BD-700 Global 5000
900,Mount Juliet,Cessna 310
901,Saginaw,Gulfstream/Rockwell (Aero) Turbo Commander
902,Rock Hill,Dassault Falcon 7X
903,Springboro,Douglas DC-8-50
904,Hampton,Airbus A330-200
905,Morgantown,Dassault Falcon 7X
906,Valley Stream,McDonnell Douglas MD-87
907,Chicopee,Cessna 310
908,Calabasas,Convair CV-580
909,Amarillo,Fairchild Dornier Do.328
910,University Park,Douglas DC-8-62
911,Olathe,Cessna 172 Cutlass RG
912,Hot Springs,Douglas DC-9-10
913,Decatur,Airbus A330-800neo
914,Colorado Springs,Dassault Falcon 7X
915,Dickinson,Bombardier BD-700 Global 5000
916,Collierville,De Havilland Canada DHC-3 Otter
917,Parma,Tecnam P92 Eaglet
918,Annapolis,Antonov AN-30
919,Elyria,Antonov An-158
920,Coronado,Boeing 777-8
921,North Miami,Beechcraft Baron
922,Cutler Bay,De Havilland Canada DHC-2 Turbo-Beaver
923,Sioux City,Convair Convair CV-600
924,Bixby,Airbus A330-300
925,Madera,Cessna CitationJet
926,Lake in the Hills,Boeing 747-400F
927,Kenosha,Cessna Citation I
928,Goleta,Boeing 777-200
929,National City,De Havilland Canada DHC-2 Beaver
930,Joplin,Airbus A340-600
931,Annapolis,Fairchild Dornier 328JET
932,Ozark,British Aerospace Jetstream 32
933,Barstow,Lockheed L-1011 Tristar
934,Baytown,Airbus A330-200
935,Spokane Valley,Fairchild Dornier Do.328
936,Bayonne,Beechcraft 1900
937,Sedalia,McDonnell Douglas MD-11
938,Puyallup,Boeing 747-100 Freighter
939,Painesville,Douglas DC-10-30
940,Cicero,Tecnam P96
941,Monterey Park,De Havilland Canada DHC-3 Otter
942,Reynoldsburg,Douglas DC-8-72
943,Vernon Hills,Embraer 170
944,Nixa,Boeing 720B
945,Sapulpa,Boeing 757-200
946,Tiffin,Boeing 720B
947,Linden,Douglas DC-3
948,Martinsburg,Piaggio P.180 Avanti
949,Detroit,Shorts SC-7 Skyvan
950,Dayton,Boeing 777-9
951,Elko,Canadair Regional Jet 1000
952,West Sacramento,Fairchild Dornier Do.328
953,Lorain,Curtiss C-46 Commando
954,Marlborough,Convair Convair CV-600
955,Belmont,Lockheed L-1049 Super Constellation
956,Manhattan Beach,Piper PA-44 Seminole
957,Lake Forest,Dassault Falcon 50
958,Littleton,Convair CV-580
959,Kissimmee,Airbus A380-800
960,Bolingbrook,LET 410
961,Lisle,Pilatus PC-12
962,Ruston,Boeing 717
963,Kinston,Tupolev Tu-204
964,Fontana,Embraer 170
965,Palmetto Bay,Tecnam P2002 Sierra
966,Rowlett,Ilyushin IL86
967,North Little Rock,Cessna Citation V
968,Pittsfield,De Havilland DH.114 Heron
969,Pearl,Fairchild Dornier Do.328
970,New London,Convair Convair CV-640
971,Pinole,Cessna 177 Cardinal RG
972,Athens,Lockheed L-188 Electra
973,Carlisle,Douglas DC-9-10
974,Indianapolis,COMAC C919
975,Garden Grove,Avro RJ70
976,South Salt Lake,Douglas DC-9-10
977,Roswell,Dassault Falcon 900
978,Norman,Boeing 747-8F
979,Hammond,Ilyushin IL62
980,Dearborn,De Havilland Canada DHC-7 Dash 7
981,Marietta,Convair Convair CV-600
982,Coon Rapids,Douglas DC-6
983,Oak Harbor,Honda HA-420
984,Palm Desert,Embraer Praetor 600
985,Mountain View,Boeing 727-200
986,Wasco,Boeing 737 MAX 7
987,Linden,Boeing 787-9
988,Nogales,Embraer Legacy 500
989,Roseburg,Embraer EMB 110 Bandeirante
990,Findlay,Boeing 737-300
991,Westlake,Airbus A380-800
992,North Little Rock,Boeing 737-800
993,Chino Hills,LET 410
994,Edinburg,Douglas DC-3
995,Carson City,Boeing 747-300
996,Wyandotte,Canadair Regional Jet 100
997,Moses Lake,British Aerospace Jetstream 32
998,Bonney Lake,Cessna Citation X
999,Portsmouth,Douglas DC-8-72
